RedirectMath 301 /2010/11/15/going-very-long/? http://tri.ekynoxe.com/going-very-long/
RedirectMath 301 /2011/05/31/the-2011-swashbuckler-or-how-to-spend-5h-racing/? http://tri.ekynoxe.com/the-2011-swashbuckler-or-how-to-spend-5h-racing/
RedirectMath 301 /2011/07/21/hillingdon-sprint-or-my-first-dnf/? http://tri.ekynoxe.com/hillingdon-sprint-or-my-first-dnf/
RedirectMath 301 /2011/09/30/shake-that-body-up/? http://tri.ekynoxe.com/shake-that-body-up/
RedirectMath 301 /2011/09/30/welcome-to-callela/? http://tri.ekynoxe.com/welcome-to-callela/
RedirectMath 301 /2011/10/01/challenge-d-1/? http://tri.ekynoxe.com/challenge-d-1/
RedirectMath 301 /2011/10/02/challenge-d-day/? http://tri.ekynoxe.com/challenge-d-day/
RedirectMath 301 /2011/10/07/challenge-barcelona-race-report/? http://tri.ekynoxe.com/challenge-barcelona-race-report/
RedirectMath 301 /2011/10/11/challenge-barcelona-the-video/? http://tri.ekynoxe.com/challenge-barcelona-the-video/
RedirectMath 301 /2011/12/08/hyde-park-triathlon-2011-2h1929-olympic-pb/? http://tri.ekynoxe.com/hyde-park-triathlon-2011-2h1929-olympic-pb/
RedirectMath 301 /2012/03/12/2012-03-12/? http://tri.ekynoxe.com/2012-03-12/
RedirectMath 301 /2012/03/20/so-i-got-myself-a-ticket-for-cycling-in-the-wrong-place/? http://tri.ekynoxe.com/so-i-got-myself-a-ticket-for-cycling-in-the-wrong-place/
RedirectMath 301 /2012/03/29/a-childhood-dream/? http://tri.ekynoxe.com/a-childhood-dream/
RedirectMath 301 /2012/04/02/ironman-70-3-california/? http://tri.ekynoxe.com/ironman-70-3-california/
RedirectMath 301 /2012/04/04/california-stuff/? http://tri.ekynoxe.com/california-stuff/
RedirectMath 301 /2012/04/18/more-california-photos/? http://tri.ekynoxe.com/more-california-photos/
RedirectMath 301 /2012/04/25/a-new-record-in-london/? http://tri.ekynoxe.com/a-new-record-in-london/
RedirectMath 301 /2012/04/29/trp-t925-brakes-review/? http://tri.ekynoxe.com/trp-t925-brakes-review/
RedirectMath 301 /2012/06/16/crystal-palace-sprint-triathlon/? http://tri.ekynoxe.com/crystal-palace-sprint-triathlon/
RedirectMath 301 /2012/06/16/the-swashbuckler-2012-the-forest-wins-again/? http://tri.ekynoxe.com/the-swashbuckler-2012-the-forest-wins-again/
RedirectMath 301 /2012/06/17/nuffield-health-challenge-dorney-lake/? http://tri.ekynoxe.com/nuffield-health-challenge-dorney-lake/
RedirectMath 301 /2012/07/05/the-outlaw-triathlon-2012-the-long-walk/? http://tri.ekynoxe.com/the-outlaw-triathlon-2012-the-long-walk/
RedirectMath 301 /2012/09/06/the-only-good-cyclist-is-a-dead-one-editor-of-the-richmond-magazine-september-issue/? http://tri.ekynoxe.com/the-only-good-cyclist-is-a-dead-one-editor-of-the-richmond-magazine-september-issue/
RedirectMath 301 /2012/09/06/clarifications-on-the-richmond-magazine/? http://tri.ekynoxe.com/clarifications-on-the-richmond-magazine/
RedirectMath 301 /2012/09/28/cyclists-stay-away-from-the-risk-zone/? http://tri.ekynoxe.com/cyclists-stay-away-from-the-risk-zone/
RedirectMath 301 /2012/10/17/its-not-yet-the-off-season/? http://tri.ekynoxe.com/its-not-yet-the-off-season/
RedirectMath 301 /2012/10/24/somethings-cooking-in-women-cycling/? http://tri.ekynoxe.com/somethings-cooking-in-women-cycling/
RedirectMath 301 /2012/10/24/the-real-heroes/? http://tri.ekynoxe.com/the-real-heroes/
RedirectMath 301 /2012/10/30/cold-and-damp-but-sunny-commute/? http://tri.ekynoxe.com/cold-and-damp-but-sunny-commute/
RedirectMath 301 /2012/10/30/giving-a-nudge-giving-back/? http://tri.ekynoxe.com/giving-a-nudge-giving-back/
RedirectMath 301 /2012/12/29/ironman-70-3-lanzarote/? http://tri.ekynoxe.com/ironman-70-3-lanzarote/
RedirectMath 301 /2013/01/04/ride-on/? http://tri.ekynoxe.com/ride-on/
RedirectMath 301 /2013/02/21/the-norseman-10-years/? http://tri.ekynoxe.com/the-norseman-10-years/
RedirectMath 301 /2013/05/09/boblebee-megalopolis-aero-review/? http://tri.ekynoxe.com/boblebee-megalopolis-aero-review/
RedirectMath 301 /2013/05/16/lanzarote-day-1/? http://tri.ekynoxe.com/lanzarote-day-1/
RedirectMath 301 /2013/05/17/lanzarote-day-2/? http://tri.ekynoxe.com/lanzarote-day-2/
RedirectMath 301 /2013/05/17/lanzarote-days-3-and-4/? http://tri.ekynoxe.com/lanzarote-days-3-and-4/
RedirectMath 301 /2013/05/17/lanzarote-day-5/? http://tri.ekynoxe.com/lanzarote-day-5/
RedirectMath 301 /2013/05/25/review-of-ism-adamo-podium/? http://tri.ekynoxe.com/review-of-ism-adamo-podium/
RedirectMath 301 /2013/05/30/ironman-lanzarote-2013-race-report/? http://tri.ekynoxe.com/ironman-lanzarote-2013-race-report/
RedirectMath 301 /2013/06/06/the-swashbuckler-2013-finally-incident-free/? http://tri.ekynoxe.com/the-swashbuckler-2013-finally-incident-free/
RedirectMath 301 /2013/09/14/ironman-70-3-zell-am-see-2013-the-wet-one/? http://tri.ekynoxe.com/ironman-70-3-zell-am-see-2013-the-wet-one/
RedirectMath 301 /2013/09/30/thorpe-park-sprint-triathlon/? http://tri.ekynoxe.com/thorpe-park-sprint-triathlon/
RedirectMath 301 /2013/10/13/lanzarote-70-3-2013-hot-windy-hard-yet-the-perfect-end/? http://tri.ekynoxe.com/lanzarote-70-3-2013-hot-windy-hard-yet-the-perfect-end/
RedirectMath 301 /2013/10/17/new-toy/? http://tri.ekynoxe.com/new-toy/
RedirectMath 301 /2013/10/20/ironman-70-3-lanzarote-2012-bike-leg-video/? http://tri.ekynoxe.com/ironman-70-3-lanzarote-2012-bike-leg-video/
RedirectMath 301 /2013/11/16/2013-a-first-coached-racing-year-the-coach-races-and-results/? http://tri.ekynoxe.com/2013-a-first-coached-racing-year-the-coach-races-and-results/
RedirectMath 301 /2013/11/17/2013-wildman-off-road-duathlon/? http://tri.ekynoxe.com/2013-wildman-off-road-duathlon/
RedirectMath 301 /2013/12/07/2013-mudman-off-road-duathlon/? http://tri.ekynoxe.com/2013-mudman-off-road-duathlon/
RedirectMath 301 /2014/02/07/2014-iceman-off-road-duathlon/? http://tri.ekynoxe.com/2014-iceman-off-road-duathlon/
RedirectMath 301 /2014/02/15/so46-replacement-mech-hanger/? http://tri.ekynoxe.com/so46-replacement-mech-hanger/
RedirectMath 301 /2014/02/27/its-your-race/? http://tri.ekynoxe.com/its-your-race/
RedirectMath 301 /2014/03/07/every-day-training-camp-pre-camp/? http://tri.ekynoxe.com/every-day-training-camp-pre-camp/
RedirectMath 301 /2014/03/09/every-day-training-camp-day-1/? http://tri.ekynoxe.com/every-day-training-camp-day-1/
RedirectMath 301 /2014/03/10/every-day-training-camp-day-2-ice-creams-and-mountain-goats/? http://tri.ekynoxe.com/every-day-training-camp-day-2-ice-creams-and-mountain-goats/
RedirectMath 301 /2014/03/11/every-day-training-camp-day-3-wind-rain-and-an-early-race/? http://tri.ekynoxe.com/every-day-training-camp-day-3-wind-rain-and-an-early-race/
RedirectMath 301 /2014/03/12/every-day-training-camp-day-4-high-flying/? http://tri.ekynoxe.com/every-day-training-camp-day-4-high-flying/
RedirectMath 301 /2014/03/13/every-day-training-camp-day-5-a-tale-of-two-races/? http://tri.ekynoxe.com/every-day-training-camp-day-5-a-tale-of-two-races/
RedirectMath 301 /2014/03/14/every-day-training-camp-day-6-windy-uphill-or-both/? http://tri.ekynoxe.com/every-day-training-camp-day-6-windy-uphill-or-both/
RedirectMath 301 /2014/06/13/ironman-lanzarote-2014/? http://tri.ekynoxe.com/ironman-lanzarote-2014/
RedirectMath 301 /2014/08/23/how-british-bicycles-were-made-in-1945/? http://tri.ekynoxe.com/how-british-bicycles-were-made-in-1945/
RedirectMath 301 /2014/09/07/ironman-70-dot-3-world-championship-2014-mont-tremblant-canada/? http://tri.ekynoxe.com/ironman-70-dot-3-world-championship-2014-mont-tremblant-canada/
RedirectMath 301 /2014/09/21/thorpe-park-sprint-triathlon-2014/? http://tri.ekynoxe.com/thorpe-park-sprint-triathlon-2014/
RedirectMath 301 /2014/11/11/ironman-70-dot-3-uk-2014/? http://tri.ekynoxe.com/ironman-70-dot-3-uk-2014/
RedirectMath 301 /2014/11/22/the-wildman-off-road-duathlon-2014/? http://tri.ekynoxe.com/the-wildman-off-road-duathlon-2014/
RedirectMath 301 /2014/12/28/goals-milestones/? http://tri.ekynoxe.com/goals-milestones/
RedirectMath 301 /2015/02/07/the-iceman-off-road-duathlon-2015/? http://tri.ekynoxe.com/the-iceman-off-road-duathlon-2015/
RedirectMath 301 /2015/02/08/wokingham-half-marathon-2015/? http://tri.ekynoxe.com/wokingham-half-marathon-2015/
RedirectMath 301 /2015/03/01/no-toe-no-mudman/? http://tri.ekynoxe.com/no-toe-no-mudman/
RedirectMath 301 /2015/04/12/triathlon-internacional-portocolom-111-2015/? http://tri.ekynoxe.com/triathlon-internacional-portocolom-111-2015/
RedirectMath 301 /2015/05/09/ironman-70-dot-3-mallorca/? http://tri.ekynoxe.com/ironman-70-dot-3-mallorca/
